{"cameraMode":{"drawMode":0,"name":"Shaded","section":"Shading Mode"},"sceneLighting":false,"audioPlay":false,"sceneViewState":{"m_AlwaysRefresh":false,"showFog":false,"showSkybox":false,"showFlares":false,"showImageEffects":false,"showParticleSystems":false,"showVisualEffectGraphs":true,"m_FxEnabled":true},"in2DMode":false,"pivot":{"x":0.005831122398376465,"y":0.812771201133728,"z":0.21050477027893067},"rotation":{"x":-0.11153259873390198,"y":-0.13493384420871736,"z":0.015272112563252449,"w":-0.9844598770141602},"size":1.3175036907196046,"orthographic":false}