{"cameraMode":{"drawMode":0,"name":"Shaded","section":"Shading Mode"},"sceneLighting":true,"audioPlay":false,"sceneViewState":{"m_AlwaysRefresh":false,"showFog":true,"showSkybox":true,"showFlares":true,"showImageEffects":true,"showParticleSystems":true,"showVisualEffectGraphs":true,"m_FxEnabled":true},"in2DMode":false,"pivot":{"x":-22.592660903930665,"y":3.2419965267181398,"z":95.97457122802735},"rotation":{"x":0.13895709812641145,"y":0.33916816115379336,"z":-0.050817567855119708,"w":0.9290395975112915},"size":5.790916442871094,"orthographic":false}