{"cameraMode":{"drawMode":0,"name":"Shaded","section":"Shading Mode"},"sceneLighting":true,"audioPlay":false,"sceneViewState":{"m_AlwaysRefresh":false,"showFog":true,"showSkybox":true,"showFlares":true,"showImageEffects":true,"showParticleSystems":true,"showVisualEffectGraphs":true,"m_FxEnabled":true},"in2DMode":false,"pivot":{"x":-15.553752899169922,"y":27.94338035583496,"z":23.755813598632814},"rotation":{"x":0.22334903478622437,"y":0.6707456707954407,"z":-0.22328366339206696,"w":0.6711220741271973},"size":22.520498275756837,"orthographic":false}