{"cameraMode":{"drawMode":0,"name":"Shaded","section":"Shading Mode"},"sceneLighting":true,"audioPlay":false,"sceneViewState":{"m_AlwaysRefresh":false,"showFog":true,"showSkybox":true,"showFlares":true,"showImageEffects":true,"showParticleSystems":true,"showVisualEffectGraphs":true,"m_FxEnabled":true},"in2DMode":false,"pivot":{"x":106.90336608886719,"y":88.62557983398438,"z":3.969109296798706},"rotation":{"x":-0.0009670892613939941,"y":-0.9973406791687012,"z":0.013464964926242829,"w":-0.07163579761981964},"size":41.25162887573242,"orthographic":false}