{"cameraMode":{"drawMode":0,"name":"Shaded","section":"Shading Mode"},"sceneLighting":true,"audioPlay":false,"sceneViewState":{"m_AlwaysRefresh":false,"showFog":true,"showSkybox":true,"showFlares":true,"showImageEffects":true,"showParticleSystems":true,"showVisualEffectGraphs":true,"m_FxEnabled":true},"in2DMode":false,"pivot":{"x":-28.401426315307618,"y":9.298980712890625,"z":85.42151641845703},"rotation":{"x":0.01877099648118019,"y":-0.9770742654800415,"z":0.18841755390167237,"w":0.09733977913856507},"size":7.366724967956543,"orthographic":false}