{"cameraMode":{"drawMode":0,"name":"Shaded","section":"Shading Mode"},"sceneLighting":true,"audioPlay":false,"sceneViewState":{"m_AlwaysRefresh":false,"showFog":true,"showSkybox":true,"showFlares":true,"showImageEffects":true,"showParticleSystems":true,"showVisualEffectGraphs":true,"m_FxEnabled":true},"in2DMode":false,"pivot":{"x":2338.90673828125,"y":1621.7191162109375,"z":-1404.21630859375},"rotation":{"x":0.0008314245496876538,"y":0.9989834427833557,"z":0.040171217173337939,"w":-0.020680490881204606},"size":1876.7681884765625,"orthographic":false}