{"cameraMode":{"drawMode":0,"name":"Shaded","section":"Shading Mode"},"sceneLighting":true,"audioPlay":false,"sceneViewState":{"m_AlwaysRefresh":false,"showFog":true,"showSkybox":true,"showFlares":true,"showImageEffects":true,"showParticleSystems":true,"showVisualEffectGraphs":true,"m_FxEnabled":true},"in2DMode":false,"pivot":{"x":503.4451599121094,"y":235.060791015625,"z":-249.38734436035157},"rotation":{"x":-0.06774378567934036,"y":-0.026168284937739373,"z":0.0015336679061874748,"w":-0.9974474906921387},"size":116.0765380859375,"orthographic":false}