{"cameraMode":{"drawMode":0,"name":"Shaded","section":"Shading Mode"},"sceneLighting":true,"audioPlay":false,"sceneViewState":{"m_AlwaysRefresh":false,"showFog":true,"showSkybox":true,"showFlares":true,"showImageEffects":true,"showParticleSystems":true,"showVisualEffectGraphs":true,"m_FxEnabled":true},"in2DMode":false,"pivot":{"x":-249.42483520507813,"y":-65.89012908935547,"z":31.942590713500978},"rotation":{"x":-0.10019732266664505,"y":0.6340506672859192,"z":-0.08352576196193695,"w":-0.7623300552368164},"size":132.39764404296876,"orthographic":false}