{"cameraMode":{"drawMode":0,"name":"Shaded","section":"Shading Mode"},"sceneLighting":true,"audioPlay":false,"sceneViewState":{"m_AlwaysRefresh":false,"showFog":true,"showSkybox":true,"showFlares":true,"showImageEffects":true,"showParticleSystems":true,"showVisualEffectGraphs":true,"m_FxEnabled":true},"in2DMode":false,"pivot":{"x":-28.179895401000978,"y":7.358428955078125,"z":96.01215362548828},"rotation":{"x":-0.043241702020168307,"y":0.9551043510437012,"z":-0.23404335975646974,"w":-0.17646434903144837},"size":1.0869338512420655,"orthographic":false}