{"cameraMode":{"drawMode":0,"name":"Shaded","section":"Shading Mode"},"sceneLighting":true,"audioPlay":false,"sceneViewState":{"m_AlwaysRefresh":false,"showFog":true,"showSkybox":true,"showFlares":true,"showImageEffects":true,"showParticleSystems":true,"showVisualEffectGraphs":true,"m_FxEnabled":true},"in2DMode":false,"pivot":{"x":-28.556753158569337,"y":-4.788823127746582,"z":129.82205200195313},"rotation":{"x":0.1408228576183319,"y":-0.01719723828136921,"z":0.002421119948849082,"w":0.9899066686630249},"size":19.01980209350586,"orthographic":false}