{"cameraMode":{"drawMode":0,"name":"Shaded","section":"Shading Mode"},"sceneLighting":true,"audioPlay":false,"sceneViewState":{"m_AlwaysRefresh":false,"showFog":true,"showSkybox":true,"showFlares":true,"showImageEffects":true,"showParticleSystems":true,"showVisualEffectGraphs":true,"m_FxEnabled":true},"in2DMode":false,"pivot":{"x":-3.3500664234161379,"y":2.2412312030792238,"z":-7.595438003540039},"rotation":{"x":0.002775209490209818,"y":-0.8165988922119141,"z":0.0039281160570681099,"w":0.5771931409835815},"size":1.0869338512420655,"orthographic":false}