{"cameraMode":{"drawMode":0,"name":"Shaded","section":"Shading Mode"},"sceneLighting":true,"audioPlay":false,"sceneViewState":{"m_AlwaysRefresh":false,"showFog":true,"showSkybox":true,"showFlares":true,"showImageEffects":true,"showParticleSystems":true,"showVisualEffectGraphs":true,"m_FxEnabled":true},"in2DMode":false,"pivot":{"x":132.56399536132813,"y":70.73773193359375,"z":342.54180908203127},"rotation":{"x":0.02515237219631672,"y":0.9742502570152283,"z":-0.1412842571735382,"w":0.1740211397409439},"size":16.877254486083986,"orthographic":false}