{"cameraMode":{"drawMode":0,"name":"Shaded","section":"Shading Mode"},"sceneLighting":true,"audioPlay":false,"sceneViewState":{"m_AlwaysRefresh":false,"showFog":true,"showSkybox":true,"showFlares":true,"showImageEffects":true,"showParticleSystems":true,"showVisualEffectGraphs":true,"m_FxEnabled":true},"in2DMode":false,"pivot":{"x":585.13330078125,"y":214.3916778564453,"z":0.0000152587890625},"rotation":{"x":0.040314748883247378,"y":0.0921621322631836,"z":-0.0037587229162454607,"w":0.9949365258216858},"size":215.06163024902345,"orthographic":false}