{"cameraMode":{"drawMode":0,"name":"Shaded","section":"Shading Mode"},"sceneLighting":true,"audioPlay":false,"sceneViewState":{"m_AlwaysRefresh":false,"showFog":true,"showSkybox":true,"showFlares":true,"showImageEffects":true,"showParticleSystems":true,"showVisualEffectGraphs":true,"m_FxEnabled":true},"in2DMode":false,"pivot":{"x":1275.3834228515625,"y":706.298095703125,"z":-1116.560791015625},"rotation":{"x":-0.004897590260952711,"y":0.9871039390563965,"z":0.03079848363995552,"w":0.1570715606212616},"size":1105.3717041015625,"orthographic":false}