{"cameraMode":{"drawMode":0,"name":"Shaded","section":"Shading Mode"},"sceneLighting":true,"audioPlay":false,"sceneViewState":{"m_AlwaysRefresh":false,"showFog":true,"showSkybox":true,"showFlares":true,"showImageEffects":true,"showParticleSystems":true,"showVisualEffectGraphs":true,"m_FxEnabled":true},"in2DMode":false,"pivot":{"x":-20.439619064331056,"y":7.365304470062256,"z":75.31144714355469},"rotation":{"x":-0.012794232927262783,"y":0.9631478190422058,"z":0.04624546319246292,"w":0.26473671197891238},"size":10.76009750366211,"orthographic":false}