{"cameraMode":{"drawMode":0,"name":"Shaded","section":"Shading Mode"},"sceneLighting":true,"audioPlay":false,"sceneViewState":{"m_AlwaysRefresh":false,"showFog":true,"showSkybox":true,"showFlares":true,"showImageEffects":true,"showParticleSystems":true,"showVisualEffectGraphs":true,"m_FxEnabled":true},"in2DMode":false,"pivot":{"x":-9.178178787231446,"y":0.46100470423698428,"z":31.899097442626954},"rotation":{"x":0.01025098841637373,"y":-0.9895585179328919,"z":0.11210521310567856,"w":0.09021011739969254},"size":16.755338668823243,"orthographic":false}