{"cameraMode":{"drawMode":0,"name":"Shaded","section":"Shading Mode"},"sceneLighting":true,"audioPlay":false,"sceneViewState":{"m_AlwaysRefresh":false,"showFog":true,"showSkybox":true,"showFlares":true,"showImageEffects":true,"showParticleSystems":true,"showVisualEffectGraphs":true,"m_FxEnabled":true},"in2DMode":false,"pivot":{"x":358.11529541015627,"y":-37.493011474609378,"z":640.8951416015625},"rotation":{"x":-0.11828737705945969,"y":0.8734580278396606,"z":-0.39197808504104617,"w":-0.26374754309654238},"size":414.7773132324219,"orthographic":false}