{"cameraMode":{"drawMode":0,"name":"Shaded","section":"Shading Mode"},"sceneLighting":true,"audioPlay":false,"sceneViewState":{"m_AlwaysRefresh":false,"showFog":true,"showSkybox":true,"showFlares":true,"showImageEffects":true,"showParticleSystems":true,"showVisualEffectGraphs":true,"m_FxEnabled":true},"in2DMode":false,"pivot":{"x":-23.74823570251465,"y":-2.0434536933898927,"z":79.25495910644531},"rotation":{"x":0.029122693464159967,"y":0.9698665142059326,"z":-0.19156959652900697,"w":0.14783208072185517},"size":11.010034561157227,"orthographic":false}