{"cameraMode":{"drawMode":0,"name":"Shaded","section":"Shading Mode"},"sceneLighting":true,"audioPlay":false,"sceneViewState":{"m_AlwaysRefresh":false,"showFog":true,"showSkybox":true,"showFlares":true,"showImageEffects":true,"showParticleSystems":true,"showVisualEffectGraphs":true,"m_FxEnabled":true},"in2DMode":false,"pivot":{"x":-36.168128967285159,"y":8.827987670898438,"z":28.361066818237306},"rotation":{"x":0.2210680991411209,"y":-0.7699936628341675,"z":0.3507523238658905,"w":0.48503223061561587},"size":0.8660253882408142,"orthographic":false}