{"cameraMode":{"drawMode":0,"name":"Shaded","section":"Shading Mode"},"sceneLighting":true,"audioPlay":false,"sceneViewState":{"m_AlwaysRefresh":false,"showFog":true,"showSkybox":true,"showFlares":true,"showImageEffects":true,"showParticleSystems":true,"showVisualEffectGraphs":true,"m_FxEnabled":true},"in2DMode":false,"pivot":{"x":14.002399444580079,"y":-12.688666343688965,"z":55.88367462158203},"rotation":{"x":0.17678561806678773,"y":0.7466438412666321,"z":-0.21901394426822663,"w":0.6027809381484985},"size":22.520498275756837,"orthographic":false}