{"cameraMode":{"drawMode":0,"name":"Shaded","section":"Shading Mode"},"sceneLighting":true,"audioPlay":false,"sceneViewState":{"m_AlwaysRefresh":false,"showFog":true,"showSkybox":true,"showFlares":true,"showImageEffects":true,"showParticleSystems":true,"showVisualEffectGraphs":true,"m_FxEnabled":true},"in2DMode":false,"pivot":{"x":59.61259841918945,"y":-10.371761322021485,"z":-164.78204345703126},"rotation":{"x":-0.006697146221995354,"y":-0.9871201515197754,"z":0.042968206107616428,"w":-0.15407508611679078},"size":105.99021911621094,"orthographic":false}