{"cameraMode":{"drawMode":0,"name":"Shaded","section":"Shading Mode"},"sceneLighting":true,"audioPlay":false,"sceneViewState":{"m_AlwaysRefresh":false,"showFog":true,"showSkybox":true,"showFlares":true,"showImageEffects":true,"showParticleSystems":true,"showVisualEffectGraphs":true,"m_FxEnabled":true},"in2DMode":false,"pivot":{"x":-20.050411224365236,"y":-9.774332046508789,"z":119.36139678955078},"rotation":{"x":0.2674833834171295,"y":0.08286114782094956,"z":-0.02313200570642948,"w":0.9597379565238953},"size":15.581344604492188,"orthographic":false}