{"cameraMode":{"drawMode":0,"name":"Shaded","section":"Shading Mode"},"sceneLighting":true,"audioPlay":false,"sceneViewState":{"m_AlwaysRefresh":false,"showFog":true,"showSkybox":true,"showFlares":true,"showImageEffects":true,"showParticleSystems":true,"showVisualEffectGraphs":true,"m_FxEnabled":true},"in2DMode":false,"pivot":{"x":-12.625850677490235,"y":4.719479560852051,"z":65.86882019042969},"rotation":{"x":0.008650247938930989,"y":-0.9747070670127869,"z":0.22001135349273683,"w":0.03832188993692398},"size":6.01365327835083,"orthographic":false}