{"cameraMode":{"drawMode":0,"name":"Shaded","section":"Shading Mode"},"sceneLighting":true,"audioPlay":false,"sceneViewState":{"m_AlwaysRefresh":false,"showFog":true,"showSkybox":true,"showFlares":true,"showImageEffects":true,"showParticleSystems":true,"showVisualEffectGraphs":true,"m_FxEnabled":true},"in2DMode":false,"pivot":{"x":-166.58563232421876,"y":18.7050724029541,"z":976.211181640625},"rotation":{"x":-0.004174722824245691,"y":-0.0850871279835701,"z":-0.00035685201874002814,"w":0.9963747262954712},"size":481.8850402832031,"orthographic":false}