{"cameraMode":{"drawMode":0,"name":"Shaded","section":"Shading Mode"},"sceneLighting":false,"audioPlay":false,"sceneViewState":{"m_AlwaysRefresh":false,"showFog":false,"showSkybox":false,"showFlares":false,"showImageEffects":false,"showParticleSystems":false,"showVisualEffectGraphs":true,"m_FxEnabled":true},"in2DMode":false,"pivot":{"x":0.12803858518600465,"y":1.5824581384658814,"z":0.441719651222229},"rotation":{"x":-0.011613493785262108,"y":-0.9549582600593567,"z":0.29416006803512576,"w":-0.0378359854221344},"size":2.8969149589538576,"orthographic":false}